2022-04-24 18:26:45, 942464679.0
2022-04-24 22:30:03, 946497126.0
2022-04-24 02:10:07, 944480902.5
2022-04-24 02:10:07, 944480902.5
2022-04-24 02:10:07, 944480902.5
2022-04-24 02:10:07, 944480902.5
2022-04-25 07:31:29, 940780646.0
2022-04-25 13:13:46, 942873551.0
2022-04-25 16:58:13, 935540676.0
2022-04-25 21:20:58, 941934360.0
2022-04-25 03:24:32, 940282308.25
2022-04-25 03:24:32, 940282308.25
2022-04-26 07:59:46, 941781548.0
2022-04-26 12:35:37, 941722479.0
2022-04-26 17:42:50, 942568406.0
2022-04-26 23:52:36, 943824248.0
2022-04-26 04:43:53, 942474170.25
2022-04-26 04:43:53, 942474170.25
2022-04-27 10:14:52, 943246304.0
2022-04-27 10:42:45, 33030162.0
2022-04-27 15:34:54, 941586420.0
2022-04-27 19:44:27, 945502113.0
2022-04-27 01:18:59, 715841249.75
2022-04-27 01:18:59, 715841249.75
2022-04-28 03:17:09, 940159211.0
2022-04-28 08:48:44, 944456322.0
2022-04-28 16:52:03, 942358690.0
2022-04-28 00:37:23, 942324741.0
2022-04-28 00:37:23, 942324741.0
2022-04-28 00:37:23, 942324741.0
2022-04-29 02:08:25, 941254293.0
2022-04-29 07:40:54, 942096498.0
2022-04-29 10:22:32, 940834392.0
2022-04-29 15:01:34, 941510862.0
2022-04-29 21:10:00, 929975265.0
2022-04-29 01:06:43, 939134262.0
2022-04-30 03:16:03, 944654372.0
2022-04-30 07:03:39, 940413034.0
2022-04-30 13:57:53, 943565784.0
2022-04-30 17:29:57, 942880764.0
2022-04-30 19:02:20, 942821642.0
2022-04-30 02:43:18, 942867119.2
2022-05-01 18:12:31, 942304094.0
2022-05-01 01:07:38, 942304094.0
2022-05-01 01:07:38, 942304094.0
2022-05-01 01:07:38, 942304094.0
2022-05-01 01:07:38, 942304094.0
2022-05-01 01:07:38, 942304094.0
2022-05-02 06:40:38, 940927479.0
2022-05-02 16:02:12, 943928634.0
2022-05-02 23:22:01, 944454150.0
2022-05-02 05:34:49, 943103421.0
2022-05-02 05:34:49, 943103421.0
2022-05-02 05:34:49, 943103421.0
2022-05-03 18:27:05, 943769743.0
2022-05-03 18:56:46, 941361975.0
2022-05-03 23:02:42, 944417162.0
2022-05-03 04:30:14, 943182960.0
2022-05-03 04:30:14, 943182960.0
2022-05-03 04:30:14, 943182960.0
2022-05-04 19:53:59, 939977368.0
2022-05-04 00:56:29, 939977368.0
2022-05-04 00:56:29, 939977368.0
2022-05-04 00:56:29, 939977368.0
2022-05-04 00:56:29, 939977368.0
2022-05-04 00:56:29, 939977368.0
2022-05-05 05:37:23, 941102371.0
2022-05-05 15:16:17, 928884114.0
2022-05-05 19:05:46, 944035191.0
2022-05-05 22:52:33, 943822313.0
2022-05-05 03:36:27, 939460997.25
2022-05-05 03:36:27, 939460997.25
2022-05-06 16:37:04, 943511326.0
2022-05-06 19:59:09, 941045001.0
2022-05-06 22:56:04, 941203088.0
2022-05-06 03:14:05, 941919805.0
2022-05-06 03:14:05, 941919805.0
2022-05-06 03:14:05, 941919805.0
2022-05-07 18:12:52, 940992478.0
2022-05-07 19:25:40, 941098418.0
2022-05-07 01:38:15, 941045448.0
2022-05-07 01:38:15, 941045448.0
2022-05-07 01:38:15, 941045448.0
2022-05-07 01:38:15, 941045448.0
2022-05-08 03:28:45, 939994827.0
2022-05-08 18:42:34, 941418028.0
2022-05-08 22:30:40, 422628873.0
2022-05-08 01:38:55, 768013909.3333334
2022-05-08 01:38:55, 768013909.3333334
2022-05-08 01:38:55, 768013909.3333334
2022-05-09 05:01:25, 940983820.0
2022-05-09 20:30:17, 943301422.0
2022-05-09 00:28:42, 942142621.0
2022-05-09 00:28:42, 942142621.0
2022-05-09 00:28:42, 942142621.0
2022-05-09 00:28:42, 942142621.0
2022-05-10 04:48:39, 942040631.0
2022-05-10 15:41:28, 871790183.0
2022-05-10 20:16:16, 946559662.0
2022-05-10 01:21:13, 920130158.6666666
2022-05-10 01:21:13, 920130158.6666666
2022-05-10 01:21:13, 920130158.6666666
2022-05-11 04:11:23, 942721734.0
2022-05-11 17:39:00, 941780559.0
2022-05-11 21:07:39, 943717597.0
2022-05-11 00:41:25, 942739963.3333334
2022-05-11 00:41:25, 942739963.3333334
2022-05-11 00:41:25, 942739963.3333334
2022-05-12 03:35:11, 915565553.0
2022-05-12 13:48:17, 937052585.0
2022-05-12 16:27:57, 948543224.0
2022-05-12 22:07:29, 944145808.0
2022-05-12 23:07:10, 942409140.0
2022-05-12 03:18:23, 937543262.0
2022-05-13 17:36:41, 941728836.0
2022-05-13 18:56:13, 944559952.0
2022-05-13 02:38:19, 943144394.0
2022-05-13 02:38:19, 943144394.0
2022-05-13 02:38:19, 943144394.0
2022-05-13 02:38:19, 943144394.0
2022-05-14 03:30:59, 943930569.0
2022-05-14 15:27:33, 942302398.0
2022-05-14 18:53:29, 942671615.0
2022-05-14 02:06:23, 942968194.0
2022-05-14 02:06:23, 942968194.0
2022-05-14 02:06:23, 942968194.0
2022-05-15 03:26:37, 928303868.0
2022-05-15 17:47:07, 944715114.0
2022-05-15 20:08:22, 941024675.0
2022-05-15 23:29:56, 942985575.0
2022-05-15 04:14:26, 939257308.0
2022-05-15 04:14:26, 939257308.0
2022-05-16 16:06:27, 941518132.0
2022-05-16 20:04:49, 937426897.0
2022-05-16 01:41:43, 939472514.5
2022-05-16 01:41:43, 939472514.5
2022-05-16 01:41:43, 939472514.5
2022-05-16 01:41:43, 939472514.5
2022-05-17 03:24:12, 932079066.0
2022-05-17 17:14:02, 20499717.0
2022-05-17 19:40:53, 940778530.0
2022-05-17 01:15:07, 631119104.3333334
2022-05-17 01:15:07, 631119104.3333334
2022-05-17 01:15:07, 631119104.3333334
2022-05-18 04:54:06, 941204500.0
2022-05-18 15:39:38, 941411485.0
2022-05-18 22:48:51, 942719990.0
2022-05-18 23:18:26, 940944425.0
2022-05-18 03:14:39, 941570100.0
2022-05-18 03:14:39, 941570100.0
2022-05-19 17:47:46, 940364367.0
2022-05-19 21:39:09, 940942637.0
2022-05-19 01:01:05, 940653502.0
2022-05-19 01:01:05, 940653502.0
2022-05-19 01:01:05, 940653502.0
2022-05-19 01:01:05, 940653502.0
2022-05-20 05:41:58, 943506797.0
2022-05-20 18:09:02, 942878266.0
2022-05-20 19:43:48, 940260449.0
2022-05-20 23:52:41, 942777887.0
2022-05-20 06:32:45, 942355849.75
2022-05-20 06:32:45, 942355849.75
2022-05-21 14:50:29, 896612862.0
2022-05-21 21:07:49, 941675889.0
2022-05-21 02:31:25, 919144375.5
2022-05-21 02:31:25, 919144375.5
2022-05-21 02:31:25, 919144375.5
2022-05-21 02:31:25, 919144375.5
2022-05-22 06:02:45, 941828278.0
2022-05-22 17:35:40, 942878879.0
2022-05-22 21:46:02, 941200688.0
2022-05-22 01:02:21, 941969281.6666666
2022-05-22 01:02:21, 941969281.6666666
2022-05-22 01:02:21, 941969281.6666666
2022-05-23 04:13:25, 941727800.0
2022-05-23 17:00:56, 943619487.0
2022-05-23 02:21:18, 942673643.5
2022-05-23 02:21:18, 942673643.5
2022-05-23 02:21:18, 942673643.5
2022-05-23 02:21:18, 942673643.5
2022-05-24 04:00:52, 943041352.0
2022-05-24 16:44:11, 941519026.0
2022-05-24 19:11:55, 940833028.0
2022-05-24 23:58:38, 938685141.0
2022-05-24 06:40:50, 941019636.75
2022-05-24 06:40:50, 941019636.75
2022-05-25 21:25:21, 939998164.0
2022-05-25 00:57:17, 939998164.0
2022-05-25 00:57:17, 939998164.0
2022-05-25 00:57:17, 939998164.0
2022-05-25 00:57:17, 939998164.0
2022-05-25 00:57:17, 939998164.0
2022-05-26 05:22:28, 942930742.0
2022-05-26 17:31:11, 940725722.0
2022-05-26 22:33:11, 28678619.0
2022-05-26 01:18:59, 637445027.6666666
2022-05-26 01:18:59, 637445027.6666666
2022-05-26 01:18:59, 637445027.6666666
2022-05-27 04:43:43, 942250958.0
2022-05-27 22:23:03, 940260778.0
2022-05-27 00:49:31, 941255868.0
2022-05-27 00:49:31, 941255868.0
2022-05-27 00:49:31, 941255868.0
2022-05-27 00:49:31, 941255868.0
2022-05-28 03:55:42, 940837121.0
2022-05-28 22:27:04, 940152771.0
2022-05-28 00:06:53, 940494946.0
2022-05-28 00:06:53, 940494946.0
2022-05-28 00:06:53, 940494946.0
2022-05-28 00:06:53, 940494946.0
2022-05-29 04:47:29, 940468284.0
2022-05-29 20:05:25, 940992855.0
2022-05-29 01:52:13, 940730569.5
2022-05-29 01:52:13, 940730569.5
2022-05-29 01:52:13, 940730569.5
2022-05-29 01:52:13, 940730569.5
2022-05-30 03:58:57, 941044813.0
2022-05-30 07:54:23, 940833169.0
2022-05-30 15:14:59, 3617583.0
2022-05-30 20:48:11, 940729440.0
2022-05-30 00:40:55, 706556251.25
2022-05-30 00:40:55, 706556251.25
2022-05-31 04:24:31, 940572483.0
2022-05-31 17:42:38, 940883434.0
2022-05-31 00:10:28, 940727958.5
2022-05-31 00:10:28, 940727958.5
2022-05-31 00:10:28, 940727958.5
2022-05-31 00:10:28, 940727958.5
2022-06-01 02:54:11, 940422297.0
2022-06-01 15:16:42, 927149972.0
2022-06-01 21:34:58, 940467109.0
2022-06-01 01:01:18, 936013126.0
2022-06-01 01:01:18, 936013126.0
2022-06-01 01:01:18, 936013126.0
2022-06-02 04:38:23, 939945406.0
2022-06-02 16:13:47, 22439548.0
2022-06-02 20:29:44, 941255140.0
2022-06-02 04:00:03, 634546698.0
2022-06-02 04:00:03, 634546698.0
2022-06-02 04:00:03, 634546698.0
2022-06-03 17:05:37, 940834627.0
2022-06-03 20:42:45, 927512264.0
2022-06-03 02:54:33, 934173445.5
2022-06-03 02:54:33, 934173445.5
2022-06-03 02:54:33, 934173445.5
2022-06-03 02:54:33, 934173445.5
2022-06-04 18:14:36, 940360793.0
2022-06-04 21:00:42, 941308322.0
2022-06-04 06:01:28, 940834557.5
2022-06-04 06:01:28, 940834557.5
2022-06-04 06:01:28, 940834557.5
2022-06-04 06:01:28, 940834557.5
2022-06-05 19:49:25, 941102371.0
2022-06-05 23:44:13, 941254905.0
2022-06-05 03:00:57, 941178638.0
2022-06-05 03:00:57, 941178638.0
2022-06-05 03:00:57, 941178638.0
2022-06-05 03:00:57, 941178638.0
2022-06-06 17:59:05, 940732827.0
2022-06-06 21:53:46, 940525039.0
2022-06-06 01:14:41, 940628933.0
2022-06-06 01:14:41, 940628933.0
2022-06-06 01:14:41, 940628933.0
2022-06-06 01:14:41, 940628933.0
2022-06-07 03:07:52, 939109600.0
2022-06-07 23:04:28, 941104253.0
2022-06-07 03:36:40, 940106926.5
2022-06-07 03:36:40, 940106926.5
2022-06-07 03:36:40, 940106926.5
2022-06-07 03:36:40, 940106926.5
2022-06-08 06:14:52, 941016220.0
2022-06-08 13:44:08, 940939626.0
2022-06-08 16:10:11, 939976153.0
2022-06-08 02:38:41, 940643999.6666666
2022-06-08 02:38:41, 940643999.6666666
2022-06-08 02:38:41, 940643999.6666666
2022-06-09 04:05:51, 940313866.0
2022-06-09 18:46:17, 940781211.0
2022-06-09 04:24:49, 940547538.5
2022-06-09 04:24:49, 940547538.5
2022-06-09 04:24:49, 940547538.5
2022-06-09 04:24:49, 940547538.5
2022-06-10 20:27:41, 940379136.0
2022-06-10 22:58:55, 941094230.0
2022-06-10 16:31:23, 940736683.0
2022-06-10 16:31:23, 940736683.0
2022-06-10 16:31:23, 940736683.0
2022-06-10 16:31:23, 940736683.0
2022-06-11 20:49:27, 940467908.0
2022-06-11 01:34:05, 940467908.0
2022-06-11 01:34:05, 940467908.0
2022-06-11 01:34:05, 940467908.0
2022-06-11 01:34:05, 940467908.0
2022-06-11 01:34:05, 940467908.0
2022-06-12 06:29:45, 940308976.0
2022-06-12 09:50:02, 941201911.0
2022-06-12 18:39:38, 939163433.0
2022-06-12 00:18:45, 940224773.3333334
2022-06-12 00:18:45, 940224773.3333334
2022-06-12 00:18:45, 940224773.3333334
2022-06-13 03:44:54, 939839044.0
2022-06-13 10:36:08, 940786902.0
2022-06-13 17:28:56, 941255375.0
2022-06-13 21:41:43, 934228086.0
2022-06-14 18:36:47, 939027351.75
2022-06-14 18:36:47, 939027351.75
2022-06-15 19:47:48, 911004331.0
2022-06-15 00:21:07, 911004331.0
2022-06-15 00:21:07, 911004331.0
2022-06-15 00:21:07, 911004331.0
2022-06-15 00:21:07, 911004331.0
2022-06-15 00:21:07, 911004331.0
2022-06-16 05:14:54, 940781399.0
2022-06-16 17:24:00, 935062439.0
2022-06-16 00:53:50, 937921919.0
2022-06-16 00:53:50, 937921919.0
2022-06-16 00:53:50, 937921919.0
2022-06-16 00:53:50, 937921919.0
2022-06-17 05:41:04, 938685516.0
2022-06-17 19:24:17, 923059698.0
2022-06-17 21:32:46, 929978287.0
2022-06-17 07:17:44, 930574500.3333334
2022-06-17 07:17:44, 930574500.3333334
2022-06-17 07:17:44, 930574500.3333334
2022-06-20 17:36:40, 931711599.0
2022-06-20 00:34:31, 931711599.0
2022-06-20 00:34:31, 931711599.0
2022-06-20 00:34:31, 931711599.0
2022-06-20 00:34:31, 931711599.0
2022-06-20 00:34:31, 931711599.0
2022-06-21 03:46:42, 939526585.0
2022-06-21 18:29:24, 940686654.0
2022-06-21 22:56:12, 939732965.0
2022-06-21 01:34:21, 939982068.0
2022-06-21 01:34:21, 939982068.0
2022-06-21 01:34:21, 939982068.0
2022-06-22 05:59:38, 938742874.0
2022-06-22 13:08:08, 506149735.0
2022-06-22 23:01:12, 940576904.0
2022-06-22 04:43:08, 795156504.3333334
2022-06-22 04:43:08, 795156504.3333334
2022-06-22 04:43:08, 795156504.3333334
2022-06-23 07:22:34, 934134206.0
2022-06-27 22:19:12, 934134206.0
2022-06-27 22:19:12, 934134206.0
2022-06-27 22:19:12, 934134206.0
2022-06-27 22:19:12, 934134206.0
2022-06-27 22:19:12, 934134206.0
2022-06-29 03:29:10, 656198762.0
2022-06-29 15:10:58, 674831059.0
2022-06-29 21:32:14, 289302291.0
2022-06-29 17:19:10, 540110704.0
2022-06-29 17:19:10, 540110704.0
2022-06-29 17:19:10, 540110704.0
2022-07-01 00:39:40, 616249840.0
2022-07-01 14:38:53, 738932837.0
2022-07-01 17:40:06, 884471025.0
2022-07-01 20:59:25, 404173982.0
2022-07-01 23:15:11, 912470150.0
2022-07-01 07:00:56, 711259566.8
2022-07-03 17:01:06, 769184770.0
2022-07-03 22:55:04, 858521900.0
2022-07-03 00:18:31, 813853335.0
2022-07-03 00:18:31, 813853335.0
2022-07-03 00:18:31, 813853335.0
2022-07-03 00:18:31, 813853335.0
2022-07-04 04:23:54, 473434005.0
2022-07-04 10:51:19, 476054813.0
2022-07-04 15:28:58, 382835308.0
2022-07-04 18:02:47, 444108042.0
2022-07-04 18:02:47, 444108042.0
2022-07-04 18:02:47, 444108042.0
2022-07-05 19:22:53, 241118327.0
2022-07-05 01:00:41, 241118327.0
2022-07-05 01:00:41, 241118327.0
2022-07-05 01:00:41, 241118327.0
2022-07-05 01:00:41, 241118327.0
2022-07-05 01:00:41, 241118327.0
2022-07-08 04:17:57, 562669004.0
2022-07-08 07:27:40, 317038332.0
2022-07-08 13:20:12, 157181448.0
2022-07-08 15:45:03, 345629594.6666667
2022-07-08 15:45:03, 345629594.6666667
2022-07-08 15:45:03, 345629594.6666667
2022-07-10 00:33:35, 566023022.0
2022-07-10 06:38:09, 847250933.0
2022-07-10 21:46:16, 652529497.0
2022-07-10 00:40:06, 688601150.6666666
2022-07-10 00:40:06, 688601150.6666666
2022-07-10 00:40:06, 688601150.6666666
2022-07-11 05:47:40, 248722077.0
2022-07-11 09:39:37, 2778730.0
2022-07-11 20:02:10, 609643000.0
2022-07-12 07:02:45, 287047935.6666667
2022-07-12 07:02:45, 287047935.6666667
2022-07-12 07:02:45, 287047935.6666667
2022-07-13 20:34:46, 379705677.0
2022-07-13 00:39:51, 379705677.0
2022-07-13 00:39:51, 379705677.0
2022-07-13 00:39:51, 379705677.0
2022-07-13 00:39:51, 379705677.0
2022-07-13 00:39:51, 379705677.0
2022-07-14 11:55:44, 8598332.0
2022-07-14 14:01:43, 8598332.0
2022-07-14 14:01:43, 8598332.0
2022-07-14 14:01:43, 8598332.0
2022-07-14 14:01:43, 8598332.0
2022-07-14 14:01:43, 8598332.0
2022-07-15 17:36:08, 500798219.0
2022-07-15 12:26:18, 500798219.0
2022-07-15 12:26:18, 500798219.0
2022-07-15 12:26:18, 500798219.0
2022-07-15 12:26:18, 500798219.0
2022-07-15 12:26:18, 500798219.0
2022-07-17 21:27:05, 472645702.0
2022-07-17 20:08:14, 472645702.0
2022-07-17 20:08:14, 472645702.0
2022-07-17 20:08:14, 472645702.0
2022-07-17 20:08:14, 472645702.0
2022-07-17 20:08:14, 472645702.0
2022-07-19 00:25:25, 451936233.0
2022-07-19 22:45:38, 451936233.0
2022-07-19 22:45:38, 451936233.0
2022-07-19 22:45:38, 451936233.0
2022-07-19 22:45:38, 451936233.0
2022-07-19 22:45:38, 451936233.0
2022-07-20 23:26:46, 941203605.0
2022-07-20 13:30:26, 941203605.0
2022-07-20 13:30:26, 941203605.0
2022-07-20 13:30:26, 941203605.0
2022-07-20 13:30:26, 941203605.0
2022-07-20 13:30:26, 941203605.0
2022-07-21 16:36:44, 162057842.0
2022-07-21 21:14:19, 268907691.0
2022-07-21 02:57:16, 215482766.5
2022-07-21 02:57:16, 215482766.5
2022-07-21 02:57:16, 215482766.5
2022-07-21 02:57:16, 215482766.5
2022-07-22 14:40:45, 310903483.0
2022-07-22 16:24:14, 1048576.0
2022-07-22 20:30:49, 165308353.0
2022-07-22 01:21:42, 159086804.0
2022-07-22 01:21:42, 159086804.0
2022-07-22 01:21:42, 159086804.0
2022-07-23 17:13:38, 752146686.0
2022-07-23 22:47:45, 616562657.0
2022-07-23 12:18:10, 684354671.5
2022-07-23 12:18:10, 684354671.5
2022-07-23 12:18:10, 684354671.5
2022-07-23 12:18:10, 684354671.5
2022-07-24 17:51:57, 853700583.0
2022-07-24 22:40:43, 406691726.0
2022-07-24 03:44:40, 630196154.5
2022-07-24 03:44:40, 630196154.5
2022-07-24 03:44:40, 630196154.5
2022-07-24 03:44:40, 630196154.5
2022-07-25 14:07:01, 1101005.0
2022-07-25 19:45:34, 419430.0
2022-07-25 20:33:01, 527072.0
2022-07-25 00:12:28, 682502.3333333334
2022-07-25 00:12:28, 682502.3333333334
2022-07-25 00:12:28, 682502.3333333334
2022-07-26 19:25:35, 502687811.0
2022-07-26 01:31:34, 502687811.0
2022-07-26 01:31:34, 502687811.0
2022-07-26 01:31:34, 502687811.0
2022-07-26 01:31:34, 502687811.0
2022-07-26 01:31:34, 502687811.0
2022-07-27 12:38:04, 193934674.0
2022-07-27 16:38:00, 413771300.0
2022-07-27 23:31:27, 293811744.0
2022-07-27 01:33:35, 300505906.0
2022-07-27 01:33:35, 300505906.0
2022-07-27 01:33:35, 300505906.0
2022-07-28 20:32:32, 936771358.0
2022-07-28 00:04:02, 936771358.0
2022-07-28 00:04:02, 936771358.0
2022-07-28 00:04:02, 936771358.0
2022-07-28 00:04:02, 936771358.0
2022-07-28 00:04:02, 936771358.0
2022-07-29 12:46:21, 737674691.0
2022-07-29 02:46:54, 737674691.0
2022-07-29 02:46:54, 737674691.0
2022-07-29 02:46:54, 737674691.0
2022-07-29 02:46:54, 737674691.0
2022-07-29 02:46:54, 737674691.0
2022-07-30 13:51:18, 623289758.0
2022-07-30 16:47:49, 481007232.0
2022-07-30 23:06:29, 405278271.0
2022-07-30 03:12:00, 503191753.6666667
2022-07-30 03:12:00, 503191753.6666667
2022-07-30 03:12:00, 503191753.6666667
2022-07-31 05:40:40, 652058061.0
2022-07-31 10:47:37, 921649838.0
2022-07-31 18:54:24, 769759795.0
2022-07-31 23:16:32, 547359326.0
2022-07-31 15:05:31, 722706755.0
2022-07-31 15:05:31, 722706755.0
2022-08-01 18:20:32, 603979081.0
2022-08-01 21:25:18, 926626564.0
2022-08-01 02:16:34, 765302822.5
2022-08-01 02:16:34, 765302822.5
2022-08-01 02:16:34, 765302822.5
2022-08-01 02:16:34, 765302822.5
2022-08-02 13:06:25, 668730246.0
2022-08-02 17:08:02, 832673660.0
2022-08-02 22:41:23, 525601006.0
2022-08-02 01:17:45, 675668304.0
2022-08-02 01:17:45, 675668304.0
2022-08-02 01:17:45, 675668304.0
2022-08-03 13:52:30, 738409102.0
2022-08-03 18:55:53, 595645502.0
2022-08-03 01:40:03, 667027302.0
2022-08-03 01:40:03, 667027302.0
2022-08-03 01:40:03, 667027302.0
2022-08-03 01:40:03, 667027302.0
2022-08-04 13:36:46, 827012139.0
2022-08-04 20:55:25, 763366724.0
2022-08-04 02:08:51, 795189431.5
2022-08-04 02:08:51, 795189431.5
2022-08-04 02:08:51, 795189431.5
2022-08-04 02:08:51, 795189431.5
2022-08-05 18:21:27, 602459672.0
2022-08-05 21:42:06, 875142448.0
2022-08-05 03:35:18, 738801060.0
2022-08-05 03:35:18, 738801060.0
2022-08-05 03:35:18, 738801060.0
2022-08-05 03:35:18, 738801060.0
2022-08-06 12:12:39, 485176163.0
2022-08-06 16:04:25, 131072000.0
2022-08-06 20:19:14, 934809289.0
2022-08-06 03:33:24, 517019150.6666667
2022-08-06 03:33:24, 517019150.6666667
2022-08-06 03:33:24, 517019150.6666667
2022-08-07 16:54:10, 810645614.0
2022-08-07 22:59:09, 794612362.0
2022-08-07 03:58:40, 802628988.0
2022-08-07 03:58:40, 802628988.0
2022-08-07 03:58:40, 802628988.0
2022-08-07 03:58:40, 802628988.0
2022-08-08 05:16:42, 667724433.0
2022-08-08 13:19:50, 493828472.0
2022-08-08 14:02:00, 580776452.5
2022-08-08 14:02:00, 580776452.5
2022-08-08 14:02:00, 580776452.5
2022-08-08 14:02:00, 580776452.5
2022-08-09 19:22:51, 309733934.0
2022-08-09 21:58:08, 519309107.0
2022-08-09 03:43:30, 414521520.5
2022-08-09 03:43:30, 414521520.5
2022-08-09 03:43:30, 414521520.5
2022-08-09 03:43:30, 414521520.5
2022-08-10 11:58:56, 455507586.0
2022-09-28 17:15:40, 921224786.0
2022-09-28 22:17:46, 926680476.0
2022-09-28 10:49:36, 923952631.0
2022-09-28 10:49:36, 923952631.0
2022-09-28 10:49:36, 923952631.0
2022-09-28 10:49:36, 923952631.0
2022-09-29 15:19:58, 881380292.0
2022-09-29 16:27:36, 802580391.0
2022-09-29 01:42:51, 841980341.5
2022-09-29 01:42:51, 841980341.5
2022-09-29 01:42:51, 841980341.5
2022-09-29 01:42:51, 841980341.5
2022-09-30 08:41:44, 478256565.0
2022-09-30 19:07:54, 591974261.0
2022-09-30 01:09:28, 535115413.0
2022-09-30 01:09:28, 535115413.0
2022-09-30 01:09:28, 535115413.0
2022-09-30 01:09:28, 535115413.0
2022-10-01 02:33:06, 924586695.0
2022-10-01 09:14:44, 881905515.0
2022-10-01 11:00:57, 736623203.0
2022-10-01 07:03:37, 847705137.6666666
2022-10-01 07:03:37, 847705137.6666666
2022-10-01 07:03:37, 847705137.6666666
2022-10-02 11:46:54, 812855830.0
2022-10-02 22:13:00, 940995631.0
2022-10-02 07:26:22, 876925730.5
2022-10-02 07:26:22, 876925730.5
2022-10-02 07:26:22, 876925730.5
2022-10-02 07:26:22, 876925730.5
2022-10-03 13:25:41, 793145305.0
2022-10-03 19:55:19, 861458646.0
2022-10-03 08:40:00, 827301975.5
2022-10-03 08:40:00, 827301975.5
2022-10-03 08:40:00, 827301975.5
2022-10-03 08:40:00, 827301975.5
2022-10-04 12:01:02, 693899053.0
2022-10-04 14:11:48, 934436493.0
2022-10-04 19:19:34, 784329440.0
2022-10-04 02:46:53, 804221662.0
2022-10-04 02:46:53, 804221662.0
2022-10-04 02:46:53, 804221662.0
2022-10-05 05:33:24, 351168506.0
2022-10-05 11:08:08, 668625389.0
2022-10-05 14:03:51, 929720607.0
2022-10-05 15:51:54, 938634308.0
2022-10-05 17:14:28, 918502535.0
2022-10-05 19:29:52, 659555293.0
2022-10-06 00:16:22, 884789667.0
2022-10-06 05:03:07, 876452424.0
2022-10-06 07:59:35, 841514780.0
2022-10-06 09:17:04, 457697930.0
2022-10-06 17:07:04, 907855557.0
2022-10-06 21:07:13, 919391252.0
2022-10-07 08:56:10, 726046901.0
2022-10-07 09:51:30, 761685530.0
2022-10-07 20:38:16, 758911054.0
2022-10-07 21:59:34, 380424361.0
2022-10-07 02:50:52, 2995244023.5
2022-10-07 02:50:52, 2995244023.5
2022-10-08 21:02:56, 642519730.0
2022-10-08 21:45:03, 454191330.0
2022-10-08 03:21:47, 548355530.0
2022-10-08 03:21:47, 548355530.0
2022-10-08 03:21:47, 548355530.0
2022-10-08 03:21:47, 548355530.0
2022-10-09 08:37:53, 424621190.0
2022-10-09 15:47:37, 781400749.0
2022-10-09 23:10:45, 618239204.0
2022-10-09 04:00:18, 608087047.6666666
2022-10-09 04:00:18, 608087047.6666666
2022-10-09 04:00:18, 608087047.6666666
2022-10-10 06:31:27, 545521882.0
2022-10-10 13:11:41, 940051862.0
2022-10-10 16:04:31, 445383017.0
2022-10-10 19:07:14, 939475425.0
2022-10-10 22:40:50, 877450020.0
2022-10-10 03:48:42, 749576441.2
2022-10-11 07:56:18, 209925146.0
2022-10-11 14:11:58, 932071515.0
2022-10-11 20:32:38, 911943309.0
2022-10-11 00:31:31, 684646656.6666666
2022-10-11 00:31:31, 684646656.6666666
2022-10-11 00:31:31, 684646656.6666666
2022-10-13 08:08:50, 448212982.0
2022-10-13 12:17:43, 764676953.0
2022-10-13 01:29:44, 606444967.5
2022-10-13 01:29:44, 606444967.5
2022-10-13 01:29:44, 606444967.5
2022-10-13 01:29:44, 606444967.5
2022-10-14 03:01:40, 895578738.0
2022-10-14 10:13:26, 322857357.0
2022-10-14 17:56:04, 935803288.0
2022-10-14 20:33:43, 912367346.0
2022-10-14 00:43:46, 766651682.25
2022-10-14 00:43:46, 766651682.25
2022-10-15 12:13:04, 877183708.0
2022-10-15 16:59:41, 857209969.0
2022-10-15 02:05:21, 867196838.5
2022-10-15 02:05:21, 867196838.5
2022-10-15 02:05:21, 867196838.5
2022-10-15 02:05:21, 867196838.5
2022-10-16 06:08:50, 535152952.0
2022-10-16 08:55:10, 703133746.0
2022-10-16 09:16:14, 782815508.0
2022-10-16 18:17:59, 510342449.0
2022-10-16 21:29:48, 460009877.0
2022-10-16 04:24:26, 598290906.4
2022-10-17 06:13:09, 726978213.0
2022-10-17 13:24:14, 926615108.0
2022-10-17 17:12:26, 936222532.0
2022-10-17 21:36:04, 419956094.0
2022-10-17 05:08:11, 752442986.75
2022-10-17 05:08:11, 752442986.75
2022-10-18 12:53:13, 478306698.0
2022-10-18 15:10:05, 221407054.0
2022-10-18 17:25:57, 314940226.0
2022-10-18 20:11:05, 905552044.0
2022-10-18 00:43:19, 480051505.5
2022-10-18 00:43:19, 480051505.5
2022-10-19 10:20:04, 4771030.0
2022-10-19 14:43:59, 620590458.0
2022-10-19 18:38:32, 573938991.0
2022-10-19 22:11:34, 764100846.0
2022-10-19 23:19:08, 920479240.0
2022-10-19 06:02:32, 576776113.0
2022-10-20 11:53:21, 648178453.0
2022-10-20 17:37:26, 426142138.0
2022-10-20 17:52:17, 862193728.0
2022-10-20 21:22:31, 179254533.0
2022-10-20 00:11:51, 528942213.0
2022-10-20 00:11:51, 528942213.0
2022-10-21 09:44:12, 804101751.0
2022-08-10 15:42:16, 940889738.0
2022-08-10 13:51:00, 940889738.0
2022-08-10 13:51:00, 940889738.0
2022-08-10 13:51:00, 940889738.0
2022-08-10 13:51:00, 940889738.0
2022-08-10 13:51:00, 940889738.0
2022-08-11 15:32:10, 641620767.0
2022-08-11 18:57:18, 332976157.0
2022-08-11 20:57:25, 939630081.0
2022-08-11 02:32:44, 638075668.3333334
2022-08-11 02:32:44, 638075668.3333334
2022-08-11 02:32:44, 638075668.3333334
2022-08-12 15:56:28, 266915741.0
2022-08-12 18:15:46, 266915741.0
2022-08-12 18:15:46, 266915741.0
2022-08-12 18:15:46, 266915741.0
2022-08-12 18:15:46, 266915741.0
2022-08-12 18:15:46, 266915741.0
2022-08-13 22:08:03, 796342277.0
2022-08-13 02:29:28, 796342277.0
2022-08-13 02:29:28, 796342277.0
2022-08-13 02:29:28, 796342277.0
2022-08-13 02:29:28, 796342277.0
2022-08-13 02:29:28, 796342277.0
2022-08-14 15:20:33, 674964877.0
2022-08-14 03:04:54, 674964877.0
2022-08-14 03:04:54, 674964877.0
2022-08-14 03:04:54, 674964877.0
2022-08-14 03:04:54, 674964877.0
2022-08-14 03:04:54, 674964877.0
2022-08-15 13:48:09, 790260290.0
2022-08-15 12:48:27, 790260290.0
2022-08-15 12:48:27, 790260290.0
2022-08-15 12:48:27, 790260290.0
2022-08-15 12:48:27, 790260290.0
2022-08-15 12:48:27, 790260290.0
2022-08-16 18:41:50, 467561254.0
2022-08-16 13:14:27, 467561254.0
2022-08-16 13:14:27, 467561254.0
2022-08-16 13:14:27, 467561254.0
2022-08-16 13:14:27, 467561254.0
2022-08-16 13:14:27, 467561254.0
2022-08-18 03:37:22, 57042639.0
2022-08-18 14:22:34, 699507008.0
2022-08-18 22:49:24, 673920806.0
2022-08-18 14:30:15, 476823484.3333333
2022-08-18 14:30:15, 476823484.3333333
2022-08-18 14:30:15, 476823484.3333333
2022-08-19 20:04:39, 390332630.0
2022-08-19 00:04:22, 390332630.0
2022-08-19 00:04:22, 390332630.0
2022-08-19 00:04:22, 390332630.0
2022-08-19 00:04:22, 390332630.0
2022-08-19 00:04:22, 390332630.0
2022-08-20 02:53:23, 578828422.0
2022-08-20 05:50:11, 851650446.0
2022-08-20 01:32:21, 715239434.0
2022-08-20 01:32:21, 715239434.0
2022-08-20 01:32:21, 715239434.0
2022-08-20 01:32:21, 715239434.0
2022-08-21 05:38:23, 559469151.0
2022-08-21 11:12:33, 603875039.0
2022-08-21 18:53:19, 622486395.0
2022-08-21 21:49:44, 820669155.0
2022-08-21 02:38:45, 651624935.0
2022-08-21 02:38:45, 651624935.0
2022-08-22 04:19:19, 940213662.0
2022-08-22 06:25:02, 542954010.0
2022-08-22 10:59:57, 845218842.0
2022-08-22 19:13:03, 928778188.0
2022-08-22 20:38:02, 792304461.0
2022-08-22 06:30:23, 809893832.6
2022-08-23 09:47:39, 338482160.0
2022-08-23 11:08:15, 438984915.0
2022-08-23 12:05:05, 593140508.0
2022-08-23 23:48:12, 607281697.0
2022-08-23 01:01:48, 494472320.0
2022-08-23 01:01:48, 494472320.0
2022-08-24 06:02:57, 856108676.0
2022-08-24 09:03:29, 308909408.0
2022-08-24 12:39:38, 836450204.0
2022-08-24 13:56:54, 939370191.0
2022-08-24 23:33:52, 405799885.0
2022-08-24 01:47:05, 669327672.8
2022-08-25 04:37:00, 845258677.0
2022-08-25 12:47:20, 904766199.0
2022-08-25 15:13:41, 314940352.0
2022-08-25 00:37:48, 688321742.6666666
2022-08-25 00:37:48, 688321742.6666666
2022-08-25 00:37:48, 688321742.6666666
2022-08-26 10:41:07, 843817852.0
2022-08-26 14:41:30, 932031763.0
2022-08-26 18:11:04, 925544917.0
2022-08-26 22:45:13, 906852429.0
2022-08-26 02:05:09, 902061740.25
2022-08-26 02:05:09, 902061740.25
2022-08-27 04:44:38, 817625868.0
2022-08-27 12:58:51, 552709770.0
2022-08-27 19:49:23, 453772012.0
2022-08-27 20:25:33, 808137361.0
2022-08-27 02:44:32, 658061252.75
2022-08-27 02:44:32, 658061252.75
2022-08-28 10:59:39, 749521075.0
2022-08-28 13:18:01, 824910862.0
2022-08-28 19:56:49, 893545602.0
2022-08-28 20:28:01, 67108947.0
2022-08-28 00:53:51, 633771621.5
2022-08-28 00:53:51, 633771621.5
2022-08-29 10:31:59, 493722552.0
2022-08-29 17:10:58, 647341177.0
2022-08-29 21:38:10, 864345475.0
2022-08-29 23:39:51, 935278204.0
2022-08-29 05:00:04, 735171852.0
2022-08-29 05:00:04, 735171852.0
2022-08-30 09:52:54, 830736288.0
2022-08-30 13:35:11, 703649844.0
2022-08-30 14:00:00, 543635151.0
2022-08-30 18:53:49, 650956989.0
2022-08-30 00:23:53, 682244568.0
2022-08-30 00:23:53, 682244568.0
2022-08-31 05:22:49, 704381526.0
2022-08-31 15:36:07, 772985629.0
2022-08-31 00:32:25, 738683577.5
2022-08-31 00:32:25, 738683577.5
2022-08-31 00:32:25, 738683577.5
2022-08-31 00:32:25, 738683577.5
2022-09-01 05:09:26, 609696222.0
2022-09-01 15:18:11, 936904061.0
2022-09-01 13:35:10, 773300141.5
2022-09-01 13:35:10, 773300141.5
2022-09-01 13:35:10, 773300141.5
2022-09-01 13:35:10, 773300141.5
2022-09-02 22:26:39, 871791055.0
2022-09-03 08:58:22, 871791055.0
2022-09-03 08:58:22, 871791055.0
2022-09-03 08:58:22, 871791055.0
2022-09-03 08:58:22, 871791055.0
2022-09-03 08:58:22, 871791055.0
2022-09-04 14:48:40, 619501643.0
2022-09-04 17:50:57, 317127191.0
2022-09-04 23:29:22, 643194878.0
2022-09-04 00:57:40, 526607904.0
2022-09-04 00:57:40, 526607904.0
2022-09-04 00:57:40, 526607904.0
2022-09-05 03:29:47, 882640348.0
2022-09-05 06:13:27, 713398812.0
2022-09-05 10:43:50, 415288919.0
2022-09-05 05:02:40, 670442693.0
2022-09-05 05:02:40, 670442693.0
2022-09-05 05:02:40, 670442693.0
2022-09-06 12:27:45, 927153124.0
2022-09-06 02:44:25, 927153124.0
2022-09-06 02:44:25, 927153124.0
2022-09-06 02:44:25, 927153124.0
2022-09-06 02:44:25, 927153124.0
2022-09-06 02:44:25, 927153124.0
2022-09-07 15:00:56, 918753333.0
2022-09-07 00:42:10, 918753333.0
2022-09-07 00:42:10, 918753333.0
2022-09-07 00:42:10, 918753333.0
2022-09-07 00:42:10, 918753333.0
2022-09-07 00:42:10, 918753333.0
2022-09-08 06:19:30, 639304506.0
2022-09-08 14:04:31, 802266059.0
2022-09-08 02:07:15, 720785282.5
2022-09-08 02:07:15, 720785282.5
2022-09-08 02:07:15, 720785282.5
2022-09-08 02:07:15, 720785282.5
2022-09-09 10:57:42, 888984733.0
2022-09-09 03:12:11, 888984733.0
2022-09-09 03:12:11, 888984733.0
2022-09-09 03:12:11, 888984733.0
2022-09-09 03:12:11, 888984733.0
2022-09-09 03:12:11, 888984733.0
2022-09-10 05:37:20, 938687253.0
2022-09-10 22:07:45, 910742688.0
2022-09-10 02:10:20, 924714970.5
2022-09-10 02:10:20, 924714970.5
2022-09-10 02:10:20, 924714970.5
2022-09-10 02:10:20, 924714970.5
2022-09-11 10:47:28, 934073088.0
2022-09-11 14:51:26, 935383015.0
2022-09-11 07:02:16, 934728051.5
2022-09-11 07:02:16, 934728051.5
2022-09-11 07:02:16, 934728051.5
2022-09-11 07:02:16, 934728051.5
2022-09-12 13:56:06, 911483063.0
2022-09-12 02:49:35, 911483063.0
2022-09-12 02:49:35, 911483063.0
2022-09-12 02:49:35, 911483063.0
2022-09-12 02:49:35, 911483063.0
2022-09-12 02:49:35, 911483063.0
2022-09-13 04:49:45, 931817947.0
2022-09-13 09:13:52, 132277835.0
2022-09-13 01:38:48, 532047891.0
2022-09-13 01:38:48, 532047891.0
2022-09-13 01:38:48, 532047891.0
2022-09-13 01:38:48, 532047891.0
2022-09-14 15:14:35, 840278226.0
2022-09-14 16:47:25, 592341589.0
2022-09-14 01:17:36, 716309907.5
2022-09-14 01:17:36, 716309907.5
2022-09-14 01:17:36, 716309907.5
2022-09-14 01:17:36, 716309907.5
2022-09-15 05:29:50, 868484808.0
2022-09-15 09:35:23, 834929307.0
2022-09-15 14:12:32, 609014067.0
2022-09-15 03:08:14, 770809394.0
2022-09-15 03:08:14, 770809394.0
2022-09-15 03:08:14, 770809394.0
2022-09-16 04:26:10, 132550511.0
2022-09-16 14:58:48, 230897012.0
2022-09-16 02:39:51, 181723761.5
2022-09-16 02:39:51, 181723761.5
2022-09-16 02:39:51, 181723761.5
2022-09-16 02:39:51, 181723761.5
2022-09-17 07:05:11, 861038225.0
2022-09-17 10:58:45, 518101919.0
2022-09-17 15:40:12, 849032921.0
2022-09-17 02:37:13, 742724355.0
2022-09-17 02:37:13, 742724355.0
2022-09-17 02:37:13, 742724355.0
2022-09-18 08:42:39, 580222834.0
2022-09-18 13:04:56, 305763064.0
2022-09-18 23:40:07, 666997926.0
2022-09-18 11:33:34, 517661274.6666667
2022-09-18 11:33:34, 517661274.6666667
2022-09-18 11:33:34, 517661274.6666667
2022-09-20 13:12:26, 606392076.0
2022-09-20 16:48:34, 744960856.0
2022-09-20 01:56:00, 675676466.0
2022-09-20 01:56:00, 675676466.0
2022-09-20 01:56:00, 675676466.0
2022-09-20 01:56:00, 675676466.0
2022-09-21 17:47:37, 862878238.0
2022-09-21 03:21:37, 862878238.0
2022-09-21 03:21:37, 862878238.0
2022-09-21 03:21:37, 862878238.0
2022-09-21 03:21:37, 862878238.0
2022-09-21 03:21:37, 862878238.0
2022-09-23 00:56:29, 865706336.0
2022-09-23 05:32:25, 620547462.0
2022-09-23 09:17:10, 461111226.0
2022-09-23 13:09:58, 452512950.0
2022-09-23 11:37:24, 599969493.5
2022-09-23 11:37:24, 599969493.5
2022-09-24 14:59:17, 660970873.0
2022-09-24 20:46:22, 941149765.0
2022-09-24 00:45:21, 801060319.0
2022-09-24 00:45:21, 801060319.0
2022-09-24 00:45:21, 801060319.0
2022-09-24 00:45:21, 801060319.0
2022-09-25 07:51:44, 313419852.0
2022-09-25 11:52:39, 579601572.0
2022-09-25 04:34:25, 446510712.0
2022-09-25 04:34:25, 446510712.0
2022-09-25 04:34:25, 446510712.0
2022-09-25 04:34:25, 446510712.0
2022-09-26 10:52:45, 489892698.0
2022-09-26 01:59:39, 489892698.0
2022-09-26 01:59:39, 489892698.0
2022-09-26 01:59:39, 489892698.0
2022-09-26 01:59:39, 489892698.0
2022-09-26 01:59:39, 489892698.0
2022-09-27 05:57:20, 933862672.0
2022-09-27 15:04:52, 462528053.0
2022-09-27 19:09:26, 717800583.0
2022-09-27 02:39:26, 704730436.0
2022-09-27 02:39:26, 704730436.0
2022-09-27 02:39:26, 704730436.0
2022-09-28 06:33:37, 584529977.0
2022-09-28 11:35:32, 340029993.0
