2022-04-21 18:37:43, 943037155.0
2022-04-21 22:42:18, 941674100.0
2022-04-21 02:45:40, 942355627.5
2022-04-21 02:45:40, 942355627.5
2022-04-21 02:45:40, 942355627.5
2022-04-21 02:45:40, 942355627.5
2022-04-22 07:42:37, 943336514.0
2022-04-22 12:33:18, 942462794.0
2022-04-22 16:09:10, 941883674.0
2022-04-22 21:06:52, 941672452.0
2022-04-22 10:29:20, 942338858.5
2022-04-22 10:29:20, 942338858.5
2022-04-23 11:52:24, 942220566.0
2022-04-23 17:21:56, 942407208.0
2022-04-23 22:32:05, 942671567.0
2022-04-23 00:28:03, 942433113.6666666
2022-04-23 00:28:03, 942433113.6666666
2022-04-23 00:28:03, 942433113.6666666
2022-04-24 12:28:00, 942508107.0
2022-04-24 18:25:36, 943298450.0
2022-04-24 20:25:11, 941778393.0
2022-04-24 00:04:31, 942528316.6666666
2022-04-24 00:04:31, 942528316.6666666
2022-04-24 00:04:31, 942528316.6666666
2022-04-25 04:21:27, 941886170.0
2022-04-25 05:32:34, 936868735.0
2022-04-25 09:36:36, 943770404.0
2022-04-25 10:31:47, 942620317.0
2022-04-25 20:49:44, 942039359.0
2022-04-25 22:54:37, 942774917.0
2022-04-26 04:12:03, 940832558.0
2022-04-26 06:17:32, 943207269.0
2022-04-26 10:55:16, 942936635.0
2022-04-26 13:24:09, 917242360.0
2022-04-26 18:01:23, 940465416.0
2022-04-26 20:04:15, 940891102.0
2022-04-26 22:43:11, 942673359.0
2022-04-26 01:38:50, 12218208601.0
2022-04-26 01:38:50, 12218208601.0
2022-04-26 01:38:50, 12218208601.0
2022-04-26 01:38:50, 12218208601.0
2022-04-26 01:38:50, 12218208601.0
2022-04-27 07:34:43, 942619091.0
2022-04-27 09:40:44, 945554258.0
2022-04-27 14:04:58, 945135867.0
2022-04-27 15:31:57, 940624630.0
2022-04-27 20:45:06, 943930899.0
2022-04-27 23:47:18, 943615052.0
2022-04-28 13:25:45, 910688529.0
2022-04-28 12:13:37, 6572168326.0
2022-04-28 12:13:37, 6572168326.0
2022-04-28 12:13:37, 6572168326.0
2022-04-28 12:13:37, 6572168326.0
2022-04-28 12:13:37, 6572168326.0
2022-04-29 18:54:57, 943824484.0
2022-04-29 20:19:04, 943561962.0
2022-04-29 02:58:33, 943693223.0
2022-04-29 02:58:33, 943693223.0
2022-04-29 02:58:33, 943693223.0
2022-04-29 02:58:33, 943693223.0
2022-04-30 05:25:32, 944820869.0
2022-04-30 13:28:05, 940678376.0
2022-04-30 18:34:37, 942749622.5
2022-04-30 18:34:37, 942749622.5
2022-04-30 18:34:37, 942749622.5
2022-04-30 18:34:37, 942749622.5
2022-05-01 21:56:45, 942986424.0
2022-05-01 02:54:06, 942986424.0
2022-05-01 02:54:06, 942986424.0
2022-05-01 02:54:06, 942986424.0
2022-05-01 02:54:06, 942986424.0
2022-05-01 02:54:06, 942986424.0
2022-05-02 14:14:42, 941567030.0
2022-05-02 01:37:30, 941567030.0
2022-05-02 01:37:30, 941567030.0
2022-05-02 01:37:30, 941567030.0
2022-05-02 01:37:30, 941567030.0
2022-05-02 01:37:30, 941567030.0
2022-05-03 18:34:59, 941518744.0
2022-05-03 11:34:20, 941518744.0
2022-05-03 11:34:20, 941518744.0
2022-05-03 11:34:20, 941518744.0
2022-05-03 11:34:20, 941518744.0
2022-05-03 11:34:20, 941518744.0
2022-05-04 16:52:01, 944299177.0
2022-05-04 20:45:13, 941623272.0
2022-05-04 02:33:50, 942961224.5
2022-05-04 02:33:50, 942961224.5
2022-05-04 02:33:50, 942961224.5
2022-05-04 02:33:50, 942961224.5
2022-05-05 22:54:42, 942813187.0
2022-05-05 01:58:49, 942813187.0
2022-05-05 01:58:49, 942813187.0
2022-05-05 01:58:49, 942813187.0
2022-05-05 01:58:49, 942813187.0
2022-05-05 01:58:49, 942813187.0
2022-05-06 13:59:12, 942199142.0
2022-05-06 21:40:00, 942145677.0
2022-05-06 23:19:06, 944340915.0
2022-05-06 17:55:03, 942895244.6666666
2022-05-06 17:55:03, 942895244.6666666
2022-05-06 17:55:03, 942895244.6666666
2022-05-07 23:03:56, 940447777.0
2022-05-07 20:59:34, 940447777.0
2022-05-07 20:59:34, 940447777.0
2022-05-07 20:59:34, 940447777.0
2022-05-07 20:59:34, 940447777.0
2022-05-07 20:59:34, 940447777.0
2022-05-10 13:24:08, 940994878.0
2022-05-10 18:43:31, 943191848.0
2022-05-10 20:50:55, 909272951.0
2022-05-10 02:56:25, 931153225.6666666
2022-05-10 02:56:25, 931153225.6666666
2022-05-10 02:56:25, 931153225.6666666
2022-05-11 14:42:58, 944451789.0
2022-05-11 17:40:25, 942832767.0
2022-05-11 21:13:03, 941360280.0
2022-05-11 01:29:58, 942881612.0
2022-05-11 01:29:58, 942881612.0
2022-05-11 01:29:58, 942881612.0
2022-05-13 02:21:24, 942876993.0
2022-05-13 12:41:12, 941043260.0
2022-05-13 22:48:54, 939266366.0
2022-05-13 23:56:31, 942563693.0
2022-05-13 11:58:42, 941437578.0
2022-05-13 11:58:42, 941437578.0
2022-05-16 09:05:48, 946915278.0
2022-05-16 17:48:07, 942465716.0
2022-05-16 02:05:36, 944690497.0
2022-05-16 02:05:36, 944690497.0
2022-05-16 02:05:36, 944690497.0
2022-05-16 02:05:36, 944690497.0
2022-05-17 18:40:54, 912210424.0
2022-05-17 20:58:38, 941784326.0
2022-05-17 23:13:01, 936233158.0
2022-05-17 14:14:18, 930075969.3333334
2022-05-17 14:14:18, 930075969.3333334
2022-05-17 14:14:18, 930075969.3333334
2022-05-18 21:33:26, 944713838.0
2022-05-18 12:03:30, 944713838.0
2022-05-18 12:03:30, 944713838.0
2022-05-18 12:03:30, 944713838.0
2022-05-18 12:03:30, 944713838.0
2022-05-18 12:03:30, 944713838.0
2022-05-19 16:55:24, 941253399.0
2022-05-19 20:13:36, 942994247.0
2022-05-19 00:30:30, 942123823.0
2022-05-19 00:30:30, 942123823.0
2022-05-19 00:30:30, 942123823.0
2022-05-19 00:30:30, 942123823.0
2022-05-20 13:35:57, 941252363.0
2022-05-20 21:49:41, 944037976.0
2022-05-20 06:29:56, 942645169.5
2022-05-20 06:29:56, 942645169.5
2022-05-20 06:29:56, 942645169.5
2022-05-20 06:29:56, 942645169.5
2022-05-21 13:13:28, 944138538.0
2022-05-21 17:34:16, 942347995.0
2022-05-21 01:25:29, 943243266.5
2022-05-21 01:25:29, 943243266.5
2022-05-21 01:25:29, 943243266.5
2022-05-21 01:25:29, 943243266.5
2022-05-22 13:03:20, 942299712.0
2022-05-22 18:57:16, 944233812.0
2022-05-22 21:25:36, 946921622.0
2022-05-22 00:24:17, 944485048.6666666
2022-05-22 00:24:17, 944485048.6666666
2022-05-22 00:24:17, 944485048.6666666
2022-05-23 16:04:22, 940471012.0
2022-05-24 00:20:53, 940471012.0
2022-05-24 00:20:53, 940471012.0
2022-05-24 00:20:53, 940471012.0
2022-05-24 00:20:53, 940471012.0
2022-05-24 00:20:53, 940471012.0
2022-05-26 06:18:07, 942251006.0
2022-05-26 18:10:28, 942773126.0
2022-05-26 21:38:01, 942145630.0
2022-05-26 21:01:41, 942389920.6666666
2022-05-26 21:01:41, 942389920.6666666
2022-05-26 21:01:41, 942389920.6666666
2022-05-29 15:17:57, 940259415.0
2022-05-29 02:25:45, 940259415.0
2022-05-29 02:25:45, 940259415.0
2022-05-29 02:25:45, 940259415.0
2022-05-29 02:25:45, 940259415.0
2022-05-29 02:25:45, 940259415.0
2022-05-30 12:40:44, 948229315.0
2022-05-30 15:12:11, 944243868.0
2022-05-30 23:27:48, 944031179.0
2022-05-30 03:30:30, 945501454.0
2022-05-30 03:30:30, 945501454.0
2022-05-30 03:30:30, 945501454.0
2022-05-31 14:28:56, 945928308.0
2022-05-31 17:04:57, 943033807.0
2022-05-31 22:40:11, 943823682.0
2022-05-31 00:51:45, 944261932.3333334
2022-05-31 00:51:45, 944261932.3333334
2022-05-31 00:51:45, 944261932.3333334
2022-06-01 14:03:55, 943875733.0
2022-06-01 08:30:39, 943875733.0
2022-06-01 08:30:39, 943875733.0
2022-06-01 08:30:39, 943875733.0
2022-06-01 08:30:39, 943875733.0
2022-06-01 08:30:39, 943875733.0
2022-06-02 16:59:34, 943720995.0
2022-06-02 22:48:31, 943194159.0
2022-06-02 23:12:50, 944132496.0
2022-06-02 19:19:29, 943682550.0
2022-06-02 19:19:29, 943682550.0
2022-06-02 19:19:29, 943682550.0
2022-06-04 14:05:18, 940469507.0
2022-06-04 23:20:20, 942985339.0
2022-06-04 12:40:45, 941727423.0
2022-06-04 12:40:45, 941727423.0
2022-06-04 12:40:45, 941727423.0
2022-06-04 12:40:45, 941727423.0
2022-06-05 16:16:34, 947703178.0
2022-06-05 22:12:17, 943457576.0
2022-06-05 23:47:02, 942301832.0
2022-06-05 16:13:59, 944487528.6666666
2022-06-05 16:13:59, 944487528.6666666
2022-06-05 16:13:59, 944487528.6666666
2022-06-06 20:11:18, 943769743.0
2022-06-06 00:01:31, 943769743.0
2022-06-06 00:01:31, 943769743.0
2022-06-06 00:01:31, 943769743.0
2022-06-06 00:01:31, 943769743.0
2022-06-06 00:01:31, 943769743.0
2022-06-07 12:43:28, 941508717.0
2022-06-07 23:42:56, 943875450.0
2022-06-07 17:52:31, 942692083.5
2022-06-07 17:52:31, 942692083.5
2022-06-07 17:52:31, 942692083.5
2022-06-07 17:52:31, 942692083.5
2022-06-09 00:29:36, 943665876.0
2022-06-09 01:43:53, 943665876.0
2022-06-09 01:43:53, 943665876.0
2022-06-09 01:43:53, 943665876.0
2022-06-09 01:43:53, 943665876.0
2022-06-09 01:43:53, 943665876.0
2022-06-10 17:00:44, 932017081.0
2022-06-10 23:39:13, 757178698.0
2022-06-10 04:29:33, 844597889.5
2022-06-10 04:29:33, 844597889.5
2022-06-10 04:29:33, 844597889.5
2022-06-10 04:29:33, 844597889.5
2022-06-11 13:27:00, 944085590.0
2022-06-11 18:03:06, 943035929.0
2022-06-11 20:43:05, 937272188.0
2022-06-11 01:15:09, 941464569.0
2022-06-11 01:15:09, 941464569.0
2022-06-11 01:15:09, 941464569.0
2022-06-12 13:38:31, 942567228.0
2022-06-12 22:57:27, 942566710.0
2022-06-12 02:58:48, 942566969.0
2022-06-12 02:58:48, 942566969.0
2022-06-12 02:58:48, 942566969.0
2022-06-12 02:58:48, 942566969.0
2022-06-13 21:43:51, 943898103.0
2022-06-13 14:50:19, 943898103.0
2022-06-13 14:50:19, 943898103.0
2022-06-13 14:50:19, 943898103.0
2022-06-13 14:50:19, 943898103.0
2022-06-13 14:50:19, 943898103.0
2022-06-14 17:09:32, 943036919.0
2022-06-14 19:33:48, 941151176.0
2022-06-15 08:59:40, 942094047.5
2022-06-15 08:59:40, 942094047.5
2022-06-15 08:59:40, 942094047.5
2022-06-15 08:59:40, 942094047.5
2022-06-17 13:46:41, 940469695.0
2022-06-17 18:47:25, 943192602.0
2022-06-17 21:04:12, 943130978.0
2022-06-17 11:26:55, 942264425.0
2022-06-17 11:26:55, 942264425.0
2022-06-17 11:26:55, 942264425.0
2022-06-21 05:31:35, 943456350.0
2022-06-21 14:52:38, 709309199.0
2022-06-21 22:14:18, 943198309.0
2022-06-21 01:01:31, 865321286.0
2022-06-21 01:01:31, 865321286.0
2022-06-21 01:01:31, 865321286.0
2022-06-22 04:03:26, 943046741.0
2022-06-22 09:21:21, 941790683.0
2022-06-22 11:27:18, 942933853.0
2022-06-22 17:18:23, 939844166.0
2022-06-22 23:05:48, 942356287.0
2022-06-22 01:07:52, 941994346.0
2022-06-23 06:59:48, 775159536.0
2022-06-23 11:58:53, 942623192.0
2022-06-23 17:44:20, 944296958.0
2022-06-23 21:02:44, 944138396.0
2022-06-23 05:20:29, 901554520.5
2022-06-23 05:20:29, 901554520.5
2022-06-24 05:57:24, 943036495.0
2022-06-24 12:48:18, 942143274.0
2022-06-24 22:18:08, 942147938.0
2022-06-24 01:29:50, 942442569.0
2022-06-24 01:29:50, 942442569.0
2022-06-24 01:29:50, 942442569.0
2022-06-25 05:39:16, 940926376.0
2022-06-25 06:41:33, 942774964.0
2022-06-25 14:00:46, 943193829.0
2022-06-25 17:06:27, 941932335.0
2022-06-25 22:35:35, 940155153.0
2022-06-25 04:22:01, 941796531.4
2022-06-26 06:08:29, 939212199.0
2022-06-26 16:57:53, 942983312.0
2022-06-26 21:55:33, 944352975.0
2022-06-26 03:33:30, 942182828.6666666
2022-06-26 03:33:30, 942182828.6666666
2022-06-26 03:33:30, 942182828.6666666
2022-06-27 21:07:00, 943351068.0
2022-06-27 21:55:20, 934644334.0
2022-06-27 05:40:45, 938997701.0
2022-06-27 05:40:45, 938997701.0
2022-06-27 05:40:45, 938997701.0
2022-06-27 05:40:45, 938997701.0
2022-06-28 10:52:51, 942617536.0
2022-06-28 19:34:19, 940588982.0
2022-06-28 00:19:56, 941603259.0
2022-06-28 00:19:56, 941603259.0
2022-06-28 00:19:56, 941603259.0
2022-06-28 00:19:56, 941603259.0
2022-06-29 05:27:52, 708805064.0
2022-06-29 09:21:37, 933183044.0
2022-06-29 14:39:38, 940257252.0
2022-06-29 06:59:56, 860748453.3333334
2022-06-29 06:59:56, 860748453.3333334
2022-06-29 06:59:56, 860748453.3333334
2022-07-03 17:19:56, 942146949.0
2022-07-03 00:56:23, 942146949.0
2022-07-03 00:56:23, 942146949.0
2022-07-03 00:56:23, 942146949.0
2022-07-03 00:56:23, 942146949.0
2022-07-03 00:56:23, 942146949.0
2022-07-05 05:47:40, 942193253.0
2022-07-06 12:51:13, 942193253.0
2022-07-06 12:51:13, 942193253.0
2022-07-06 12:51:13, 942193253.0
2022-07-06 12:51:13, 942193253.0
2022-07-06 12:51:13, 942193253.0
2022-07-07 16:49:38, 943193498.0
2022-07-07 20:49:12, 944141606.0
2022-07-07 02:17:49, 943667552.0
2022-07-07 02:17:49, 943667552.0
2022-07-07 02:17:49, 943667552.0
2022-07-07 02:17:49, 943667552.0
2022-07-08 11:34:46, 944136083.0
2022-07-08 17:54:57, 943241117.0
2022-07-08 22:25:55, 946604019.0
2022-07-08 01:49:40, 944660406.3333334
2022-07-08 01:49:40, 944660406.3333334
2022-07-08 01:49:40, 944660406.3333334
2022-07-09 14:05:01, 944715255.0
2022-07-09 20:50:52, 943051442.0
2022-07-09 23:32:32, 942933712.0
2022-07-10 00:00:52, 943566803.0
2022-07-10 00:00:52, 943566803.0
2022-07-10 00:00:52, 943566803.0
2022-07-11 11:10:22, 938768641.0
2022-07-11 18:45:44, 699426175.0
2022-07-11 02:09:54, 819097408.0
2022-07-11 02:09:54, 819097408.0
2022-07-11 02:09:54, 819097408.0
2022-07-11 02:09:54, 819097408.0
2022-07-12 15:04:57, 941986318.0
2022-07-12 17:58:38, 935176012.0
2022-07-12 21:02:27, 940931910.0
2022-07-12 21:15:53, 939364746.6666666
2022-07-12 21:15:53, 939364746.6666666
2022-07-12 21:15:53, 939364746.6666666
2022-07-14 00:29:09, 940940708.0
2022-07-14 09:58:48, 939474767.0
2022-07-14 14:03:08, 937787756.0
2022-07-14 18:33:51, 946130550.0
2022-07-14 22:56:26, 941727989.0
2022-07-14 02:24:35, 941212354.0
2022-07-15 06:34:29, 942513809.0
2022-07-15 09:23:58, 707003181.0
2022-07-15 19:35:33, 942942151.0
2022-07-15 22:38:26, 943718069.0
2022-07-15 05:54:58, 884044302.5
2022-07-15 05:54:58, 884044302.5
2022-07-16 10:31:51, 943614910.0
2022-07-16 00:50:18, 943614910.0
2022-07-16 00:50:18, 943614910.0
2022-07-16 00:50:18, 943614910.0
2022-07-16 00:50:18, 943614910.0
2022-07-16 00:50:18, 943614910.0
2022-07-17 09:03:13, 942140589.0
2022-07-17 09:12:23, 944873250.0
2022-07-17 14:29:57, 940639163.0
2022-07-17 20:53:59, 941047683.0
2022-07-17 00:17:34, 942175171.25
2022-07-17 00:17:34, 942175171.25
2022-07-18 07:04:19, 917189931.0
2022-07-18 09:23:46, 942094096.0
2022-07-18 14:30:49, 868798339.0
2022-07-18 18:46:36, 941781830.0
2022-07-18 00:41:31, 917466049.0
2022-07-18 00:41:31, 917466049.0
2022-07-19 04:37:05, 939621334.0
2022-07-19 05:10:37, 931973463.0
2022-07-19 10:38:33, 933861505.0
2022-07-19 19:04:48, 942618714.0
2022-07-19 22:08:33, 943195149.0
2022-07-19 02:35:40, 938254033.0
2022-07-20 12:21:44, 939967730.0
2022-07-20 16:20:49, 944193327.0
2022-07-20 02:08:20, 942080528.5
2022-07-20 02:08:20, 942080528.5
2022-07-20 02:08:20, 942080528.5
2022-07-20 02:08:20, 942080528.5
2022-07-21 09:14:45, 940104432.0
2022-07-21 12:08:55, 941779523.0
2022-07-21 12:57:47, 941684506.0
2022-07-21 22:08:42, 938008257.0
2022-07-21 08:11:37, 940394179.5
2022-07-21 08:11:37, 940394179.5
2022-07-22 14:20:55, 942618479.0
2022-07-22 17:25:18, 939905941.0
2022-07-22 20:31:28, 940044200.0
2022-07-22 04:08:40, 940856206.6666666
2022-07-22 04:08:40, 940856206.6666666
2022-07-22 04:08:40, 940856206.6666666
2022-07-23 09:51:24, 940521136.0
2022-07-23 19:26:21, 940217682.0
2022-07-23 22:33:28, 941150424.0
2022-07-23 00:43:28, 940629747.3333334
2022-07-23 00:43:28, 940629747.3333334
2022-07-23 00:43:28, 940629747.3333334
2022-07-24 05:13:51, 945606782.0
2022-07-24 11:23:02, 942354827.0
2022-07-24 14:39:27, 805306810.0
2022-07-24 18:34:00, 941416804.0
2022-07-24 02:30:16, 908671305.75
2022-07-24 02:30:16, 908671305.75
2022-07-25 11:30:51, 942041620.0
2022-07-25 12:59:46, 940996572.0
2022-07-25 18:49:23, 937059754.0
2022-07-25 09:30:57, 940032648.6666666
2022-07-25 09:30:57, 940032648.6666666
2022-07-25 09:30:57, 940032648.6666666
2022-07-26 16:26:35, 939996425.0
2022-07-26 02:04:34, 939996425.0
2022-07-26 02:04:34, 939996425.0
2022-07-26 02:04:34, 939996425.0
2022-07-26 02:04:34, 939996425.0
2022-07-26 02:04:34, 939996425.0
2022-07-27 11:42:43, 939052424.0
2022-07-27 16:54:19, 939564594.0
2022-07-27 23:27:33, 923640247.0
2022-07-27 03:33:10, 934085755.0
2022-07-27 03:33:10, 934085755.0
2022-07-27 03:33:10, 934085755.0
2022-07-28 07:17:22, 941204500.0
2022-07-28 10:28:35, 943983942.0
2022-07-28 14:24:30, 942355722.0
2022-07-28 16:33:20, 940049982.0
2022-07-28 23:50:57, 928916627.0
2022-07-28 10:54:44, 939302154.6
2022-07-29 13:34:31, 942031677.0
2022-07-29 17:45:49, 942146525.0
2022-07-29 21:08:02, 939003235.0
2022-07-29 03:37:03, 941060479.0
2022-07-29 03:37:03, 941060479.0
2022-07-29 03:37:03, 941060479.0
2022-07-30 06:44:20, 939520019.0
2022-07-30 11:03:47, 944874809.0
2022-07-30 12:34:30, 940097238.0
2022-07-30 23:38:29, 939526022.0
2022-07-30 09:04:10, 941004522.0
2022-07-30 09:04:10, 941004522.0
2022-07-31 14:58:28, 942198624.0
2022-07-31 20:04:48, 941307851.0
2022-07-31 22:22:25, 756552577.0
2022-07-31 03:56:25, 880019684.0
2022-07-31 03:56:25, 880019684.0
2022-07-31 03:56:25, 880019684.0
2022-08-01 12:50:59, 936584243.0
2022-08-01 18:18:41, 943873137.0
2022-08-01 20:37:55, 941147318.0
2022-08-01 04:34:27, 940534899.3333334
2022-08-01 04:34:27, 940534899.3333334
2022-08-01 04:34:27, 940534899.3333334
2022-08-02 12:07:30, 941463914.0
2022-08-02 15:20:19, 941087643.0
2022-08-02 17:07:14, 937795352.0
2022-08-02 05:16:07, 940115636.3333334
2022-08-02 05:16:07, 940115636.3333334
2022-08-02 05:16:07, 940115636.3333334
2022-08-03 12:58:09, 938479133.0
2022-08-03 17:00:55, 939944466.0
2022-08-03 20:55:54, 943772150.0
2022-08-03 00:02:37, 940731916.3333334
2022-08-03 00:02:37, 940731916.3333334
2022-08-03 00:02:37, 940731916.3333334
2022-08-04 08:58:17, 940840225.0
2022-08-04 11:22:49, 941219136.0
2022-08-04 16:49:25, 941726341.0
2022-08-04 20:14:14, 941453898.0
2022-08-04 01:11:57, 941309900.0
2022-08-04 01:11:57, 941309900.0
2022-08-05 04:14:18, 939604474.0
2022-08-05 12:36:51, 941884428.0
2022-08-05 20:21:55, 945556670.0
2022-08-05 13:43:24, 942348524.0
2022-08-05 13:43:24, 942348524.0
2022-08-05 13:43:24, 942348524.0
2022-08-06 17:11:45, 940366389.0
2022-08-06 20:34:29, 941620212.0
2022-08-06 08:50:52, 940993300.5
2022-08-06 08:50:52, 940993300.5
2022-08-06 08:50:52, 940993300.5
2022-08-06 08:50:52, 940993300.5
2022-08-07 23:38:08, 937952685.0
2022-08-07 02:25:59, 937952685.0
2022-08-07 02:25:59, 937952685.0
2022-08-07 02:25:59, 937952685.0
2022-08-07 02:25:59, 937952685.0
2022-08-07 02:25:59, 937952685.0
2022-08-08 11:52:29, 756181603.0
2022-08-08 19:33:31, 940418959.0
2022-08-08 21:02:24, 940519584.0
2022-08-08 01:27:47, 879040048.6666666
2022-08-08 01:27:47, 879040048.6666666
2022-08-08 01:27:47, 879040048.6666666
2022-08-09 05:43:49, 946613816.0
2022-08-09 10:54:34, 941219656.0
2022-08-09 12:08:18, 943356964.0
2022-08-09 19:55:11, 940878093.0
2022-08-09 02:47:36, 943017132.25
2022-08-09 02:47:36, 943017132.25
2022-08-10 10:04:30, 726843736.0
2022-08-10 19:54:48, 941670286.0
2022-08-10 00:47:13, 941670286.0
2022-08-10 00:47:13, 941670286.0
2022-08-10 00:47:13, 941670286.0
2022-08-10 00:47:13, 941670286.0
2022-08-10 00:47:13, 941670286.0
2022-08-11 06:48:02, 940937744.0
2022-08-11 10:16:10, 939605693.0
2022-08-11 13:52:38, 941314864.0
2022-08-11 19:17:42, 940583941.0
2022-08-11 19:24:25, 940829265.0
2022-08-11 23:54:27, 942304141.0
2022-08-12 02:19:11, 939585403.0
2022-08-14 03:29:29, 939367655.0
2022-08-14 19:06:09, 944880573.0
2022-08-14 19:16:52, 942124114.0
2022-08-14 19:16:52, 942124114.0
2022-08-14 19:16:52, 942124114.0
2022-08-14 19:16:52, 942124114.0
2022-08-16 14:36:31, 939995908.0
2022-08-16 13:01:12, 939995908.0
2022-08-16 13:01:12, 939995908.0
2022-08-16 13:01:12, 939995908.0
2022-08-16 13:01:12, 939995908.0
2022-08-16 13:01:12, 939995908.0
2022-08-18 20:31:00, 756415393.0
2022-08-19 18:25:45, 756415393.0
2022-08-19 18:25:45, 756415393.0
2022-08-19 18:25:45, 756415393.0
2022-08-19 18:25:45, 756415393.0
2022-08-19 18:25:45, 756415393.0
2022-08-20 22:21:47, 941517331.0
2022-08-20 01:16:19, 941517331.0
2022-08-20 01:16:19, 941517331.0
2022-08-20 01:16:19, 941517331.0
2022-08-20 01:16:19, 941517331.0
2022-08-20 01:16:19, 941517331.0
2022-08-21 18:26:53, 898579809.0
2022-08-21 21:05:28, 941777451.0
2022-08-21 01:19:11, 920178630.0
2022-08-21 01:19:11, 920178630.0
2022-08-21 01:19:11, 920178630.0
2022-08-21 01:19:11, 920178630.0
2022-08-23 15:13:41, 941208688.0
2022-08-23 02:31:12, 941208688.0
2022-08-23 02:31:12, 941208688.0
2022-08-23 02:31:12, 941208688.0
2022-08-23 02:31:12, 941208688.0
2022-08-23 02:31:12, 941208688.0
2022-08-24 12:59:22, 940835333.0
2022-08-24 00:29:57, 940835333.0
2022-08-24 00:29:57, 940835333.0
2022-08-24 00:29:57, 940835333.0
2022-08-24 00:29:57, 940835333.0
2022-08-24 00:29:57, 940835333.0
2022-08-25 17:49:49, 939002296.0
2022-08-25 21:05:36, 938896687.0
2022-08-25 14:58:02, 938949491.5
2022-08-25 14:58:02, 938949491.5
2022-08-25 14:58:02, 938949491.5
2022-08-25 14:58:02, 938949491.5
2022-08-26 16:53:28, 940733298.0
2022-08-26 21:44:25, 936482851.0
2022-08-26 01:34:36, 938608074.5
2022-08-26 01:34:36, 938608074.5
2022-08-26 01:34:36, 938608074.5
2022-08-26 01:34:36, 938608074.5
2022-08-27 13:45:14, 937795586.0
2022-08-27 20:17:14, 941466456.0
2022-08-27 15:34:44, 939631021.0
2022-08-27 15:34:44, 939631021.0
2022-08-27 15:34:44, 939631021.0
2022-08-27 15:34:44, 939631021.0
2022-08-28 18:35:36, 940259180.0
2022-08-28 22:17:00, 941517990.0
2022-08-28 03:54:26, 940888585.0
2022-08-28 03:54:26, 940888585.0
2022-08-28 03:54:26, 940888585.0
2022-08-28 03:54:26, 940888585.0
2022-08-29 14:32:15, 940888797.0
2022-08-30 03:55:54, 940888797.0
2022-08-30 03:55:54, 940888797.0
2022-08-30 03:55:54, 940888797.0
2022-08-30 03:55:54, 940888797.0
2022-08-30 03:55:54, 940888797.0
2022-08-31 15:24:21, 938163151.0
2022-08-31 02:07:18, 938163151.0
2022-08-31 02:07:18, 938163151.0
2022-08-31 02:07:18, 938163151.0
2022-08-31 02:07:18, 938163151.0
2022-08-31 02:07:18, 938163151.0
2022-09-01 20:30:06, 926679920.0
2022-09-01 02:40:28, 926679920.0
2022-09-01 02:40:28, 926679920.0
2022-09-01 02:40:28, 926679920.0
2022-09-01 02:40:28, 926679920.0
2022-09-01 02:40:28, 926679920.0
2022-09-02 23:54:13, 756190466.0
2022-09-02 20:15:47, 756190466.0
2022-09-02 20:15:47, 756190466.0
2022-09-02 20:15:47, 756190466.0
2022-09-02 20:15:47, 756190466.0
2022-09-02 20:15:47, 756190466.0
2022-09-03 21:47:06, 939684107.0
2022-09-03 03:21:09, 939684107.0
2022-09-03 03:21:09, 939684107.0
2022-09-03 03:21:09, 939684107.0
2022-09-03 03:21:09, 939684107.0
2022-09-03 03:21:09, 939684107.0
2022-09-05 20:20:47, 940625382.0
2022-09-05 01:12:01, 940625382.0
2022-09-05 01:12:01, 940625382.0
2022-09-05 01:12:01, 940625382.0
2022-09-05 01:12:01, 940625382.0
2022-09-05 01:12:01, 940625382.0
2022-09-06 16:16:09, 940941743.0
2022-09-06 16:04:09, 940941743.0
2022-09-06 16:04:09, 940941743.0
2022-09-06 16:04:09, 940941743.0
2022-09-06 16:04:09, 940941743.0
2022-09-06 16:04:09, 940941743.0
2022-09-07 19:06:49, 940625147.0
2022-09-07 21:48:45, 941887347.0
2022-09-07 03:45:38, 941256247.0
2022-09-07 03:45:38, 941256247.0
2022-09-07 03:45:38, 941256247.0
2022-09-07 03:45:38, 941256247.0
2022-09-10 00:10:18, 942724279.0
2022-09-10 00:37:59, 944501663.0
2022-09-10 16:19:15, 939472277.0
2022-09-10 19:28:05, 943357819.0
2022-09-10 21:25:47, 906181100.0
2022-09-10 01:00:32, 935247427.6
2022-09-11 16:10:40, 941098371.0
2022-09-11 01:22:27, 941098371.0
2022-09-11 01:22:27, 941098371.0
2022-09-11 01:22:27, 941098371.0
2022-09-11 01:22:27, 941098371.0
2022-09-11 01:22:27, 941098371.0
2022-09-13 01:51:01, 942513574.0
2022-09-13 20:02:58, 925529948.0
2022-09-13 22:16:24, 940046644.0
2022-09-13 04:13:57, 936030055.3333334
2022-09-13 04:13:57, 936030055.3333334
2022-09-13 04:13:57, 936030055.3333334
2022-09-14 13:39:07, 939321848.0
2022-09-14 18:51:35, 858156271.0
2022-09-14 22:18:59, 939840924.0
2022-09-14 01:43:42, 912439681.0
2022-09-14 01:43:42, 912439681.0
2022-09-14 01:43:42, 912439681.0
2022-09-15 20:43:04, 935922155.0
2022-09-15 03:24:00, 935922155.0
2022-09-15 03:24:00, 935922155.0
2022-09-15 03:24:00, 935922155.0
2022-09-15 03:24:00, 935922155.0
2022-09-15 03:24:00, 935922155.0
2022-09-17 03:46:50, 941464573.0
2022-09-17 09:09:50, 175217189.0
2022-09-17 11:35:56, 18874382.0
2022-09-17 18:42:59, 941099030.0
2022-09-17 19:45:29, 940992949.0
2022-09-17 02:56:03, 603529624.6
2022-09-18 13:05:05, 940735508.0
2022-09-18 17:36:34, 940520008.0
2022-09-18 21:34:41, 935540723.0
2022-09-18 04:05:08, 938932079.6666666
2022-09-18 04:05:08, 938932079.6666666
2022-09-18 04:05:08, 938932079.6666666
2022-09-19 09:17:21, 921937473.0
2022-09-19 14:31:13, 939314099.0
2022-09-19 18:12:39, 938685282.0
2022-09-19 19:34:58, 941989803.0
2022-09-19 00:01:44, 935481664.25
2022-09-19 00:01:44, 935481664.25
2022-09-20 07:24:28, 940254676.0
2022-09-20 13:13:12, 926818669.0
2022-09-20 22:36:18, 940893878.0
2022-09-20 04:07:39, 935989074.3333334
2022-09-20 04:07:39, 935989074.3333334
2022-09-20 04:07:39, 935989074.3333334
2022-09-21 13:25:57, 756915569.0
2022-09-21 16:48:00, 918925838.0
2022-09-21 20:20:37, 942307345.0
2022-09-21 23:57:28, 910686981.0
2022-09-21 05:22:20, 882208933.25
2022-09-21 05:22:20, 882208933.25
2022-09-22 06:24:01, 940261813.0
2022-09-22 12:34:55, 941362304.0
2022-09-22 14:20:35, 941360045.0
2022-09-22 19:53:58, 940627029.0
2022-09-22 00:04:15, 940902797.75
2022-09-22 00:04:15, 940902797.75
2022-09-23 02:42:32, 940835615.0
2022-09-23 15:40:45, 940314994.0
2022-09-23 01:02:16, 940575304.5
2022-09-23 01:02:16, 940575304.5
2022-09-23 01:02:16, 940575304.5
2022-09-23 01:02:16, 940575304.5
2022-09-24 03:47:57, 945399903.0
2022-09-24 06:33:42, 942147278.0
2022-09-24 12:39:53, 939524800.0
2022-09-24 12:57:27, 939680536.0
2022-09-24 17:30:51, 942041761.0
2022-09-24 02:11:24, 941758855.6
2022-09-25 05:28:14, 929047953.0
2022-09-25 10:30:28, 942825366.0
2022-09-25 14:25:58, 942795856.0
2022-09-25 19:58:09, 940729252.0
2022-09-25 21:43:07, 944192478.0
2022-09-25 03:42:36, 939918181.0
2022-09-26 12:33:54, 943143428.0
2022-09-26 13:43:11, 941810936.0
2022-09-26 17:11:01, 941881555.0
2022-09-26 00:54:13, 942278639.6666666
2022-09-26 00:54:13, 942278639.6666666
2022-09-26 00:54:13, 942278639.6666666
2022-09-27 08:42:23, 944321765.0
2022-09-27 16:18:24, 940259039.0
2022-09-27 18:37:06, 941937327.0
2022-09-27 23:23:35, 939895468.0
2022-09-27 02:01:44, 941603399.75
2022-09-27 02:01:44, 941603399.75
2022-09-28 19:02:04, 940887668.0
2022-09-28 23:07:44, 942355392.0
2022-09-28 04:30:28, 941621530.0
2022-09-28 04:30:28, 941621530.0
2022-09-28 04:30:28, 941621530.0
2022-09-28 04:30:28, 941621530.0
2022-09-29 09:55:55, 941257258.0
2022-09-29 14:31:04, 939997459.0
2022-09-29 18:39:30, 940627358.5
2022-09-29 18:39:30, 940627358.5
2022-09-29 18:39:30, 940627358.5
2022-09-29 18:39:30, 940627358.5
2022-09-30 21:51:10, 938634261.0
2022-09-30 04:37:45, 938634261.0
2022-09-30 04:37:45, 938634261.0
2022-09-30 04:37:45, 938634261.0
2022-09-30 04:37:45, 938634261.0
2022-09-30 04:37:45, 938634261.0
2022-10-01 21:56:58, 939053363.0
2022-10-01 17:25:09, 939053363.0
2022-10-01 17:25:09, 939053363.0
2022-10-01 17:25:09, 939053363.0
2022-10-01 17:25:09, 939053363.0
2022-10-01 17:25:09, 939053363.0
2022-10-03 00:21:29, 940155686.0
2022-10-03 17:46:35, 940992949.0
2022-10-03 00:18:41, 940574317.5
2022-10-03 00:18:41, 940574317.5
2022-10-03 00:18:41, 940574317.5
2022-10-03 00:18:41, 940574317.5
2022-10-04 03:15:57, 941147365.0
2022-10-04 17:08:59, 939470211.0
2022-10-04 00:11:06, 940308788.0
2022-10-04 00:11:06, 940308788.0
2022-10-04 00:11:06, 940308788.0
2022-10-04 00:11:06, 940308788.0
2022-10-05 04:46:06, 940311985.0
2022-10-05 11:31:12, 940514788.0
2022-10-05 13:22:43, 924264681.0
2022-10-05 17:41:22, 941150800.0
2022-10-05 03:30:11, 936560563.5
2022-10-05 03:30:11, 936560563.5
2022-10-06 06:38:05, 871575804.0
2022-10-06 12:19:51, 940152489.0
2022-10-06 15:01:55, 939838762.0
2022-10-06 18:19:49, 941308369.0
2022-10-06 23:22:37, 930858763.0
2022-10-06 12:02:13, 924746837.4
2022-10-07 16:39:54, 940731369.0
2022-10-07 18:45:00, 939522639.0
2022-10-07 22:55:25, 941153765.0
2022-10-07 09:33:52, 940469257.6666666
2022-10-07 09:33:52, 940469257.6666666
2022-10-07 09:33:52, 940469257.6666666
2022-10-08 15:39:32, 860314502.0
2022-10-08 17:52:23, 933105037.0
2022-10-08 23:51:48, 940258522.0
2022-10-08 05:35:41, 911226020.3333334
2022-10-08 05:35:41, 911226020.3333334
2022-10-08 05:35:41, 911226020.3333334
2022-10-09 09:59:13, 941108676.0
2022-10-09 16:57:47, 838512392.0
2022-10-09 17:11:54, 940782951.0
2022-10-09 04:02:07, 906801339.6666666
2022-10-09 04:02:07, 906801339.6666666
2022-10-09 04:02:07, 906801339.6666666
2022-10-10 05:19:29, 934543967.0
2022-10-10 09:45:24, 942622343.0
2022-10-10 14:20:52, 941215088.0
2022-10-10 17:52:55, 797871810.0
2022-10-10 21:54:31, 941463349.0
2022-10-10 04:06:33, 911543311.4
2022-10-11 05:42:29, 931567075.0
2022-10-11 13:47:37, 953463652.0
2022-10-11 20:57:54, 862454794.0
2022-10-11 23:43:39, 939840736.0
2022-10-11 04:24:24, 921831564.25
2022-10-11 04:24:24, 921831564.25
2022-10-12 11:57:53, 637777168.0
2022-10-12 14:59:59, 941461184.0
2022-10-12 18:12:08, 940031852.0
2022-10-12 22:39:28, 941350914.0
2022-10-12 03:37:50, 865155279.5
2022-10-12 03:37:50, 865155279.5
2022-10-13 08:17:25, 917531824.0
2022-10-13 14:50:07, 909640498.0
2022-10-13 18:27:46, 936324855.0
2022-10-13 23:30:16, 938790796.0
2022-10-13 01:00:11, 925571993.25
2022-10-13 01:00:11, 925571993.25
2022-10-14 05:04:06, 935067414.0
2022-10-14 12:43:43, 942674348.0
2022-10-14 17:23:21, 940206375.0
2022-10-14 17:42:25, 937531848.0
2022-10-14 21:34:40, 941203935.0
2022-10-14 02:48:36, 939336784.0
2022-10-15 05:35:25, 940418771.0
2022-10-15 10:26:20, 941413368.0
2022-10-15 13:55:29, 939105886.0
2022-10-15 19:19:46, 940574835.0
2022-10-15 04:30:49, 940378215.0
2022-10-15 04:30:49, 940378215.0
2022-10-16 14:43:36, 941408943.0
2022-10-16 20:13:20, 938634261.0
2022-10-16 21:31:54, 939737147.0
2022-10-16 12:40:55, 939926783.6666666
2022-10-16 12:40:55, 939926783.6666666
2022-10-16 12:40:55, 939926783.6666666
2022-10-17 14:46:40, 940158130.0
2022-10-17 18:34:22, 941307381.0
2022-10-17 23:33:51, 940420181.0
2022-10-17 06:16:55, 940628564.0
2022-10-17 06:16:55, 940628564.0
2022-10-17 06:16:55, 940628564.0
2022-10-18 11:32:46, 863158186.0
2022-10-18 17:35:12, 940787044.0